[{"record":[{"address1":"","address2":"","city":"","comments_line1":"All Activities cancelled Wednesday evening","comments_line2":"","comments_line3":"","county_name1":"Elkhart","expiration":"2026-01-28 20:00:00","forced_category_name":"Worship","forced_county_name":"INDIANA","forced_organization_name":"First United Methodist Church of Middlebury","event":null,"forced_status_name":"Closed Wednesday","organization_homepage":"","rec_id":"370002","state":"INDIANA","stateName":"INDIANA","updated":"2026-01-28","zipcode":"46540"},{"address1":"","address2":"","city":"","comments_line1":"Bible Study Canceled","comments_line2":"","comments_line3":"","county_name1":"Elkhart","expiration":"2026-01-28 20:00:00","forced_category_name":"Worship","forced_county_name":"INDIANA","forced_organization_name":"Living Gospel Church-Nappanee","event":null,"forced_status_name":"Activity Canceled Wednesday","organization_homepage":"","rec_id":"368837","state":"INDIANA","stateName":"INDIANA","updated":"2026-01-27","zipcode":"46550"},{"address1":"","address2":"","city":"","comments_line1":"All Programs Canceled","comments_line2":"","comments_line3":"","county_name1":"Elkhart","expiration":"2026-01-28 20:00:00","forced_category_name":"Worship","forced_county_name":"INDIANA","forced_organization_name":"McCoy Memorial Baptist Church","event":null,"forced_status_name":"Closed Wednesday","organization_homepage":"","rec_id":"370032","state":"INDIANA","stateName":"INDIANA","updated":"2026-01-28","zipcode":"46516"},{"address1":"","address2":"","city":"","comments_line1":"No Evening Activities","comments_line2":"","comments_line3":"","county_name1":"St Joseph","expiration":"2026-01-28 20:00:00","forced_category_name":"Worship","forced_county_name":"INDIANA","forced_organization_name":"New Creation Fellowship-Granger","event":null,"forced_status_name":"Closed Wednesday","organization_homepage":"","rec_id":"370176","state":"INDIANA","stateName":"INDIANA","updated":"2026-01-28","zipcode":"46530"},{"address1":"","address2":"","city":"","comments_line1":"No Evening Classes","comments_line2":"","comments_line3":"","county_name1":"Elkhart","expiration":"2026-01-28 20:00:00","forced_category_name":"Worship","forced_county_name":"INDIANA","forced_organization_name":"New Paris Missionary Church","event":null,"forced_status_name":"Activity Canceled Wednesday","organization_homepage":"","rec_id":"370040","state":"INDIANA","stateName":"INDIANA","updated":"2026-01-28","zipcode":"46553"},{"address1":"","address2":"","city":"","comments_line1":"No Awana\/Bible Studies","comments_line2":"","comments_line3":"","county_name1":"Elkhart","expiration":"2026-01-28 20:00:00","forced_category_name":"Worship","forced_county_name":"INDIANA","forced_organization_name":"Northside Baptist Church","event":null,"forced_status_name":"All Services Canceled Wednesday","organization_homepage":"","rec_id":"370087","state":"INDIANA","stateName":"INDIANA","updated":"2026-01-28","zipcode":"46514"},{"address1":"","address2":"","city":"","comments_line1":"Youth group canceled","comments_line2":"","comments_line3":"","county_name1":"St Joseph","expiration":"2026-01-28 20:00:00","forced_category_name":"Worship","forced_county_name":"INDIANA","forced_organization_name":"Osceola Grace Brethren Church","event":null,"forced_status_name":"Activity Canceled Wednesday","organization_homepage":"","rec_id":"370161","state":"INDIANA","stateName":"INDIANA","updated":"2026-01-28","zipcode":"46561"},{"address1":"","address2":"","city":"","comments_line1":"All Services Canceled","comments_line2":"","comments_line3":"","county_name1":"Elkhart","expiration":"2026-01-28 20:00:00","forced_category_name":"Worship","forced_county_name":"INDIANA","forced_organization_name":"Zion Missionary Church-Elkhart","event":null,"forced_status_name":"Closed Wednesday","organization_homepage":"","rec_id":"368786","state":"INDIANA","stateName":"INDIANA","updated":"2026-01-27","zipcode":"46517"},{"address1":"","address2":"","city":"","comments_line1":"No E-Learning","comments_line2":"","comments_line3":"","county_name1":"Elkhart","expiration":"2026-01-28 20:00:00","forced_category_name":"Schools","forced_county_name":"INDIANA","forced_organization_name":"Baugo Community Schools","event":null,"forced_status_name":"Closed Wednesday","organization_homepage":"","rec_id":"368746","state":"INDIANA","stateName":"INDIANA","updated":"2026-01-27","zipcode":"46517"},{"address1":"","address2":"","city":"","comments_line1":"E-Learning Day","comments_line2":"","comments_line3":"","county_name1":"St Joseph","expiration":"2026-01-28 20:00:00","forced_category_name":"Schools","forced_county_name":"INDIANA","forced_organization_name":"Career Academy Network of Public Schools South Bend","event":null,"forced_status_name":"Closed Wednesday","organization_homepage":"","rec_id":"369816","state":"INDIANA","stateName":"INDIANA","updated":"2026-01-28","zipcode":"46628"},{"address1":"","address2":"","city":"","comments_line1":null,"comments_line2":"","comments_line3":"","county_name1":"Fulton","expiration":"2026-01-28 20:00:00","forced_category_name":"Schools","forced_county_name":"INDIANA","forced_organization_name":"Caston School Corp","event":null,"forced_status_name":"Closed Wednesday","organization_homepage":"","rec_id":"369894","state":"INDIANA","stateName":"INDIANA","updated":"2026-01-28","zipcode":"46931"},{"address1":"","address2":"","city":"","comments_line1":null,"comments_line2":"","comments_line3":"","county_name1":"Elkhart","expiration":"2026-01-28 20:00:00","forced_category_name":"Schools","forced_county_name":"INDIANA","forced_organization_name":"Clinton Christian School","event":null,"forced_status_name":"Closed Wednesday","organization_homepage":"","rec_id":"369561","state":"INDIANA","stateName":"INDIANA","updated":"2026-01-27","zipcode":"46528"},{"address1":"","address2":"","city":"","comments_line1":"E-Learning Day","comments_line2":"","comments_line3":"","county_name1":"Elkhart","expiration":"2026-01-28 20:00:00","forced_category_name":"Schools","forced_county_name":"INDIANA","forced_organization_name":"Concord Community Schools","event":null,"forced_status_name":"Closed Wednesday","organization_homepage":"","rec_id":"368532","state":"INDIANA","stateName":"INDIANA","updated":"2026-01-27","zipcode":"46517"},{"address1":"","address2":"","city":"","comments_line1":null,"comments_line2":"","comments_line3":"","county_name1":"Elkhart","expiration":"2026-01-28 20:00:00","forced_category_name":"Schools","forced_county_name":"INDIANA","forced_organization_name":"Cornerstone Christian Montessori","event":null,"forced_status_name":"Closed Wednesday","organization_homepage":"","rec_id":"369536","state":"INDIANA","stateName":"INDIANA","updated":"2026-01-27","zipcode":"46514"},{"address1":"","address2":"","city":"","comments_line1":null,"comments_line2":"","comments_line3":"","county_name1":"Elkhart","expiration":"2026-01-28 20:00:00","forced_category_name":"Schools","forced_county_name":"INDIANA","forced_organization_name":"Crossing School of Business &amp; Entrepreneurship - Elkhart","event":null,"forced_status_name":"Closed Wednesday","organization_homepage":"","rec_id":"369022","state":"INDIANA","stateName":"INDIANA","updated":"2026-01-27","zipcode":"46516"},{"address1":"","address2":"","city":"","comments_line1":"E-Learning Day","comments_line2":"","comments_line3":"","county_name1":"Pulaski","expiration":"2026-01-28 20:00:00","forced_category_name":"Schools","forced_county_name":"INDIANA","forced_organization_name":"Eastern Pulaski Community School Corp","event":null,"forced_status_name":"Closed Wednesday","organization_homepage":"","rec_id":"369874","state":"INDIANA","stateName":"INDIANA","updated":"2026-01-28","zipcode":"46996"},{"address1":"","address2":"","city":"","comments_line1":"E-Learning Day","comments_line2":"","comments_line3":"","county_name1":"Elkhart","expiration":"2026-01-28 20:00:00","forced_category_name":"Schools","forced_county_name":"INDIANA","forced_organization_name":"Elkhart Christian Academy","event":null,"forced_status_name":"Closed Wednesday","organization_homepage":"","rec_id":"369226","state":"INDIANA","stateName":"INDIANA","updated":"2026-01-27","zipcode":"46517"},{"address1":"","address2":"","city":"","comments_line1":"E-Learning Day","comments_line2":"","comments_line3":"","county_name1":"Elkhart","expiration":"2026-01-28 20:00:00","forced_category_name":"Schools","forced_county_name":"INDIANA","forced_organization_name":"Elkhart Community Schools","event":null,"forced_status_name":"Closed Wednesday","organization_homepage":"","rec_id":"368756","state":"INDIANA","stateName":"INDIANA","updated":"2026-01-27","zipcode":"46514"},{"address1":"","address2":"","city":"","comments_line1":"E-Learning Day","comments_line2":"","comments_line3":"","county_name1":"Elkhart","expiration":"2026-01-28 20:00:00","forced_category_name":"Schools","forced_county_name":"INDIANA","forced_organization_name":"Goshen Community Schools","event":null,"forced_status_name":"Closed Wednesday","organization_homepage":"","rec_id":"369492","state":"INDIANA","stateName":"INDIANA","updated":"2026-01-27","zipcode":"46526"},{"address1":"","address2":"","city":"","comments_line1":"E-Learning Day","comments_line2":"","comments_line3":"","county_name1":"LaGrange","expiration":"2026-01-28 20:00:00","forced_category_name":"Schools","forced_county_name":"INDIANA","forced_organization_name":"Lakeland Schools","event":null,"forced_status_name":"Closed Wednesday","organization_homepage":"","rec_id":"368411","state":"INDIANA","stateName":"INDIANA","updated":"2026-01-27","zipcode":"46761"},{"address1":"","address2":"","city":"","comments_line1":"NO eLearning","comments_line2":"","comments_line3":"","county_name1":"St Joseph","expiration":"2026-01-28 20:00:00","forced_category_name":"Schools","forced_county_name":"INDIANA","forced_organization_name":"Michiana Christian Academy","event":null,"forced_status_name":"Closed Wednesday","organization_homepage":"","rec_id":"369210","state":"INDIANA","stateName":"INDIANA","updated":"2026-01-27","zipcode":"46614"},{"address1":"","address2":"","city":"","comments_line1":"E-Learning Day","comments_line2":"","comments_line3":"","county_name1":"Elkhart","expiration":"2026-01-28 20:00:00","forced_category_name":"Schools","forced_county_name":"INDIANA","forced_organization_name":"Middlebury Community Schools","event":null,"forced_status_name":"Closed Wednesday","organization_homepage":"","rec_id":"368826","state":"INDIANA","stateName":"INDIANA","updated":"2026-01-27","zipcode":"46540"},{"address1":"","address2":"","city":"","comments_line1":null,"comments_line2":"","comments_line3":"","county_name1":"Elkhart","expiration":"2026-01-28 20:00:00","forced_category_name":"Schools","forced_county_name":"INDIANA","forced_organization_name":"Montessori School of Elkhart","event":null,"forced_status_name":"Closed Wednesday","organization_homepage":"","rec_id":"369713","state":"INDIANA","stateName":"INDIANA","updated":"2026-01-28","zipcode":"46514"},{"address1":"","address2":"","city":"","comments_line1":null,"comments_line2":"","comments_line3":"","county_name1":"Miami","expiration":"2026-01-28 20:00:00","forced_category_name":"Schools","forced_county_name":"INDIANA","forced_organization_name":"North Miami Community Schools","event":null,"forced_status_name":"Closed Wednesday","organization_homepage":"","rec_id":"369857","state":"INDIANA","stateName":"INDIANA","updated":"2026-01-28","zipcode":"46926"},{"address1":"","address2":"","city":"","comments_line1":null,"comments_line2":"","comments_line3":"","county_name1":"St Joseph","expiration":"2026-01-28 20:00:00","forced_category_name":"Schools","forced_county_name":"INDIANA","forced_organization_name":"Northside Christian School","event":null,"forced_status_name":"Closed Wednesday","organization_homepage":"","rec_id":"369401","state":"INDIANA","stateName":"INDIANA","updated":"2026-01-27","zipcode":"46637"},{"address1":"","address2":"","city":"","comments_line1":null,"comments_line2":"","comments_line3":"","county_name1":"Miami","expiration":"2026-01-28 20:00:00","forced_category_name":"Schools","forced_county_name":"INDIANA","forced_organization_name":"Peru Community School Corp","event":null,"forced_status_name":"Closed Wednesday","organization_homepage":"","rec_id":"369864","state":"INDIANA","stateName":"INDIANA","updated":"2026-01-28","zipcode":"46970"},{"address1":"","address2":"","city":"","comments_line1":null,"comments_line2":"","comments_line3":"","county_name1":"LaGrange","expiration":"2026-01-28 20:00:00","forced_category_name":"Schools","forced_county_name":"INDIANA","forced_organization_name":"Prairie Heights Schools","event":null,"forced_status_name":"Closed Wednesday","organization_homepage":"","rec_id":"368329","state":"INDIANA","stateName":"INDIANA","updated":"2026-01-27","zipcode":"46761"},{"address1":"","address2":"","city":"","comments_line1":"E-Learning Day","comments_line2":"","comments_line3":"","county_name1":"Elkhart","expiration":"2026-01-28 20:00:00","forced_category_name":"Schools","forced_county_name":"INDIANA","forced_organization_name":"Premier Arts Academy","event":null,"forced_status_name":"Closed Wednesday","organization_homepage":"","rec_id":"369617","state":"INDIANA","stateName":"INDIANA","updated":"2026-01-27","zipcode":"46517"},{"address1":"","address2":"","city":"","comments_line1":"E-Learning Day","comments_line2":"","comments_line3":"","county_name1":"St Joseph","expiration":"2026-01-28 20:00:00","forced_category_name":"Schools","forced_county_name":"INDIANA","forced_organization_name":"Purdue Polytechnic High School","event":null,"forced_status_name":"Closed Wednesday","organization_homepage":"","rec_id":"368838","state":"INDIANA","stateName":"INDIANA","updated":"2026-01-27","zipcode":"46601"},{"address1":"","address2":"","city":"","comments_line1":null,"comments_line2":"","comments_line3":"","county_name1":"St Joseph","expiration":"2026-01-28 20:00:00","forced_category_name":"Schools","forced_county_name":"INDIANA","forced_organization_name":"River Montessori High School","event":null,"forced_status_name":"Closed Wednesday","organization_homepage":"","rec_id":"369078","state":"INDIANA","stateName":"INDIANA","updated":"2026-01-27","zipcode":"46601"},{"address1":"","address2":"","city":"","comments_line1":"E-Learning Day","comments_line2":"","comments_line3":"","county_name1":"St Joseph","expiration":"2026-01-28 20:00:00","forced_category_name":"Schools","forced_county_name":"INDIANA","forced_organization_name":"South Bend Community School Corp.","event":null,"forced_status_name":"Closed Wednesday","organization_homepage":"","rec_id":"369032","state":"INDIANA","stateName":"INDIANA","updated":"2026-01-27","zipcode":"46601"},{"address1":"","address2":"","city":"","comments_line1":null,"comments_line2":"","comments_line3":"","county_name1":"St Joseph","expiration":"2026-01-28 20:00:00","forced_category_name":"Schools","forced_county_name":"INDIANA","forced_organization_name":"The Music Village Community Music Arts Center and School","event":null,"forced_status_name":"Closed Wednesday","organization_homepage":"","rec_id":"369513","state":"INDIANA","stateName":"INDIANA","updated":"2026-01-27","zipcode":"46601"},{"address1":"","address2":"","city":"","comments_line1":"Wednesday, 1\/28\/26 (Live Virtual Learning)","comments_line2":"","comments_line3":"","county_name1":"Kosciusko","expiration":"2026-01-28 20:00:00","forced_category_name":"Schools","forced_county_name":"INDIANA","forced_organization_name":"Wawasee Community Schools","event":null,"forced_status_name":"Closed Wednesday","organization_homepage":"","rec_id":"367956","state":"INDIANA","stateName":"INDIANA","updated":"2026-01-27","zipcode":"46567"},{"address1":"","address2":"","city":"","comments_line1":"E-Learning Day","comments_line2":"","comments_line3":"","county_name1":"Pulaski","expiration":"2026-01-28 20:00:00","forced_category_name":"Schools","forced_county_name":"INDIANA","forced_organization_name":"West Central School Corp","event":null,"forced_status_name":"Closed Wednesday","organization_homepage":"","rec_id":"369895","state":"INDIANA","stateName":"INDIANA","updated":"2026-01-28","zipcode":"47946"},{"address1":"","address2":"","city":"","comments_line1":null,"comments_line2":"","comments_line3":"","county_name1":"LaGrange","expiration":"2026-01-28 20:00:00","forced_category_name":"Schools","forced_county_name":"INDIANA","forced_organization_name":"Westview School Corporation","event":null,"forced_status_name":"Closed Wednesday","organization_homepage":"","rec_id":"368177","state":"INDIANA","stateName":"INDIANA","updated":"2026-01-27","zipcode":"46571"},{"address1":"","address2":"","city":"","comments_line1":null,"comments_line2":"","comments_line3":"","county_name1":"Cass","expiration":"2026-01-28 20:00:00","forced_category_name":"Schools","forced_county_name":"MICHIGAN","forced_organization_name":"Cassopolis Public Schools","event":null,"forced_status_name":"Closed Wednesday","organization_homepage":"","rec_id":"369211","state":"MICHIGAN","stateName":"MICHIGAN","updated":"2026-01-27","zipcode":"49031"},{"address1":"","address2":"","city":"","comments_line1":null,"comments_line2":"","comments_line3":"","county_name1":"Cass","expiration":"2026-01-28 20:00:00","forced_category_name":"Schools","forced_county_name":"MICHIGAN","forced_organization_name":"Dowagiac Union Schools","event":null,"forced_status_name":"Closed Wednesday","organization_homepage":"","rec_id":"369175","state":"MICHIGAN","stateName":"MICHIGAN","updated":"2026-01-27","zipcode":"49047"},{"address1":"","address2":"","city":"","comments_line1":null,"comments_line2":"","comments_line3":"","county_name1":"Cass","expiration":"2026-01-28 20:00:00","forced_category_name":"Schools","forced_county_name":"MICHIGAN","forced_organization_name":"Edwardsburg Public Schools","event":null,"forced_status_name":"Closed Wednesday","organization_homepage":"","rec_id":"369263","state":"MICHIGAN","stateName":"MICHIGAN","updated":"2026-01-27","zipcode":"49112"},{"address1":"","address2":"","city":"","comments_line1":null,"comments_line2":"","comments_line3":"","county_name1":"Cass","expiration":"2026-01-28 20:00:00","forced_category_name":"Schools","forced_county_name":"MICHIGAN","forced_organization_name":"Heritage Southwest Intermediate School District","event":null,"forced_status_name":"Closed Wednesday","organization_homepage":"","rec_id":"369131","state":"MICHIGAN","stateName":"MICHIGAN","updated":"2026-01-27","zipcode":"49031"},{"address1":"","address2":"","city":"","comments_line1":null,"comments_line2":"","comments_line3":"","county_name1":"Cass","expiration":"2026-01-28 20:00:00","forced_category_name":"Schools","forced_county_name":"MICHIGAN","forced_organization_name":"Marcellus Community Schools","event":null,"forced_status_name":"Closed Wednesday","organization_homepage":"","rec_id":"369162","state":"MICHIGAN","stateName":"MICHIGAN","updated":"2026-01-27","zipcode":"49045"},{"address1":"","address2":"","city":"","comments_line1":null,"comments_line2":"","comments_line3":"","county_name1":"Cass","expiration":"2026-01-28 20:00:00","forced_category_name":"Schools","forced_county_name":"MICHIGAN","forced_organization_name":"Pokagon Band Zagbegon Academy","event":null,"forced_status_name":"Closed Wednesday","organization_homepage":"","rec_id":"369192","state":"MICHIGAN","stateName":"MICHIGAN","updated":"2026-01-27","zipcode":"49047"},{"address1":"","address2":"","city":"","comments_line1":"E-Learning Day","comments_line2":"","comments_line3":"","county_name1":"Cass","expiration":"2026-01-28 20:00:00","forced_category_name":"Schools","forced_county_name":"MICHIGAN","forced_organization_name":"Southwestern Michigan College","event":null,"forced_status_name":"Closed Wednesday","organization_homepage":"","rec_id":"369349","state":"MICHIGAN","stateName":"MICHIGAN","updated":"2026-01-27","zipcode":"49047"},{"address1":"","address2":"","city":"","comments_line1":null,"comments_line2":"","comments_line3":"","county_name1":"CASS","expiration":"2026-01-28 20:00:00","forced_category_name":"Schools","forced_county_name":"MICHIGAN","forced_organization_name":"The Village Hybrid","event":null,"forced_status_name":"Closed Wednesday","organization_homepage":"","rec_id":"369399","state":"MICHIGAN","stateName":"MICHIGAN","updated":"2026-01-27","zipcode":"49112"},{"address1":"","address2":"","city":"","comments_line1":null,"comments_line2":"","comments_line3":"","county_name1":"St Joseph","expiration":"2026-01-28 20:00:00","forced_category_name":"Church","forced_county_name":"INDIANA","forced_organization_name":"Calvary Chapel-Granger","event":null,"forced_status_name":"Services Canceled Wednesday","organization_homepage":"","rec_id":"370886","state":"INDIANA","stateName":"INDIANA","updated":"2026-01-28","zipcode":"46530"},{"address1":"","address2":"","city":"","comments_line1":"All Services Canceled","comments_line2":"","comments_line3":"","county_name1":"St Joseph","expiration":"2026-01-28 20:00:00","forced_category_name":"Church","forced_county_name":"INDIANA","forced_organization_name":"Cedar Road Missionary Church","event":null,"forced_status_name":"Closed Wednesday","organization_homepage":"","rec_id":"367084","state":"INDIANA","stateName":"INDIANA","updated":"2026-01-27","zipcode":"46544"},{"address1":"","address2":"","city":"","comments_line1":"No Evening Classes","comments_line2":"","comments_line3":"","county_name1":"Elkhart","expiration":"2026-01-28 20:00:00","forced_category_name":"Church","forced_county_name":"INDIANA","forced_organization_name":"Elkhart East Christian Church","event":null,"forced_status_name":"Closed Wednesday","organization_homepage":"","rec_id":"370051","state":"INDIANA","stateName":"INDIANA","updated":"2026-01-28","zipcode":"46507"},{"address1":"","address2":"","city":"","comments_line1":"All Programs Canceled","comments_line2":"","comments_line3":"","county_name1":"Pulaski","expiration":"2026-01-28 20:00:00","forced_category_name":"Church","forced_county_name":"INDIANA","forced_organization_name":"First Baptist Church of Winamac","event":null,"forced_status_name":"Closed Wednesday","organization_homepage":"","rec_id":"369036","state":"INDIANA","stateName":"INDIANA","updated":"2026-01-27","zipcode":"46996"},{"address1":"","address2":"","city":"","comments_line1":null,"comments_line2":"","comments_line3":"","county_name1":"Elkhart","expiration":"2026-01-28 20:00:00","forced_category_name":"Church","forced_county_name":"INDIANA","forced_organization_name":"Middlebury Community Church of the Nazarene","event":null,"forced_status_name":"Services Canceled Wednesday","organization_homepage":"","rec_id":"370616","state":"INDIANA","stateName":"INDIANA","updated":"2026-01-28","zipcode":"46540"},{"address1":"","address2":"","city":"","comments_line1":"All Services Canceled","comments_line2":"","comments_line3":"","county_name1":"Elkhart","expiration":"2026-01-28 20:00:00","forced_category_name":"Church","forced_county_name":"INDIANA","forced_organization_name":"Peoples Bible Church","event":null,"forced_status_name":"Services Canceled Wednesday","organization_homepage":"","rec_id":"370499","state":"INDIANA","stateName":"INDIANA","updated":"2026-01-28","zipcode":"46526"},{"address1":"","address2":"","city":"","comments_line1":null,"comments_line2":"","comments_line3":"","county_name1":"Berrien","expiration":"2026-01-28 20:00:00","forced_category_name":"Church","forced_county_name":"MICHIGAN","forced_organization_name":"Bible Study Fellowship - Granger Day Women&#39;s Class","event":null,"forced_status_name":"Closed Wednesday","organization_homepage":"","rec_id":"368568","state":"MICHIGAN","stateName":"MICHIGAN","updated":"2026-01-27","zipcode":"49107"},{"address1":"","address2":"","city":"","comments_line1":null,"comments_line2":"","comments_line3":"","county_name1":"Cass","expiration":"2026-01-28 20:00:00","forced_category_name":"Government","forced_county_name":"INDIANA","forced_organization_name":"Cass County Public Transit","event":null,"forced_status_name":"Closed Wednesday","organization_homepage":"","rec_id":"369777","state":"INDIANA","stateName":"INDIANA","updated":"2026-01-28","zipcode":"49031"},{"address1":"","address2":"","city":"","comments_line1":"No Meals Served","comments_line2":"","comments_line3":"","county_name1":"Elkhart","expiration":"2026-01-28 20:00:00","forced_category_name":"Government","forced_county_name":"INDIANA","forced_organization_name":"Goshen Meals on Wheels","event":null,"forced_status_name":"Closed Wednesday","organization_homepage":"","rec_id":"369614","state":"INDIANA","stateName":"INDIANA","updated":"2026-01-27","zipcode":"46526"},{"address1":"","address2":"","city":"","comments_line1":null,"comments_line2":"","comments_line3":"","county_name1":"Cass","expiration":"2026-01-28 20:00:00","forced_category_name":"Government","forced_county_name":"MICHIGAN","forced_organization_name":"Dowagiac Dial-A-Ride","event":null,"forced_status_name":"Closed Wednesday","organization_homepage":"","rec_id":"369778","state":"MICHIGAN","stateName":"MICHIGAN","updated":"2026-01-28","zipcode":"49031"},{"address1":"","address2":"","city":"","comments_line1":null,"comments_line2":"","comments_line3":"","county_name1":"Elkhart","expiration":"2026-01-28 20:00:00","forced_category_name":"Daycare","forced_county_name":"INDIANA","forced_organization_name":"8th Street Preschool","event":null,"forced_status_name":"Closed Wednesday","organization_homepage":"","rec_id":"369497","state":"INDIANA","stateName":"INDIANA","updated":"2026-01-27","zipcode":"46526"},{"address1":"","address2":"","city":"","comments_line1":null,"comments_line2":"","comments_line3":"","county_name1":"St Joseph","expiration":"2026-01-28 20:00:00","forced_category_name":"Daycare","forced_county_name":"INDIANA","forced_organization_name":"El Campito Day Care","event":null,"forced_status_name":"Closed Wednesday","organization_homepage":"","rec_id":"369258","state":"INDIANA","stateName":"INDIANA","updated":"2026-01-27","zipcode":"46601"},{"address1":"","address2":"","city":"","comments_line1":null,"comments_line2":"","comments_line3":"","county_name1":"Elkhart","expiration":"2026-01-28 20:00:00","forced_category_name":"Daycare","forced_county_name":"INDIANA","forced_organization_name":"Genai Excellence Academy","event":null,"forced_status_name":"Closed Wednesday","organization_homepage":"","rec_id":"369373","state":"INDIANA","stateName":"INDIANA","updated":"2026-01-27","zipcode":"46516"},{"address1":"","address2":"","city":"","comments_line1":null,"comments_line2":"","comments_line3":"","county_name1":"Elkhart","expiration":"2026-01-28 20:00:00","forced_category_name":"Daycare","forced_county_name":"INDIANA","forced_organization_name":"Good Shepherd Preschool-Goshen","event":null,"forced_status_name":"Closed Wednesday","organization_homepage":"","rec_id":"369523","state":"INDIANA","stateName":"INDIANA","updated":"2026-01-27","zipcode":"46526"},{"address1":"","address2":"","city":"","comments_line1":null,"comments_line2":"","comments_line3":"","county_name1":"Elkhart","expiration":"2026-01-28 20:00:00","forced_category_name":"Daycare","forced_county_name":"INDIANA","forced_organization_name":"Jamestown Preschool","event":null,"forced_status_name":"Closed Wednesday","organization_homepage":"","rec_id":"369272","state":"INDIANA","stateName":"INDIANA","updated":"2026-01-27","zipcode":"46516"},{"address1":"","address2":"","city":"","comments_line1":null,"comments_line2":"","comments_line3":"","county_name1":"Elkhart","expiration":"2026-01-28 20:00:00","forced_category_name":"Daycare","forced_county_name":"INDIANA","forced_organization_name":"LIFE Preschool","event":null,"forced_status_name":"Closed Wednesday","organization_homepage":"","rec_id":"368913","state":"INDIANA","stateName":"INDIANA","updated":"2026-01-27","zipcode":"46528"},{"address1":"","address2":"","city":"","comments_line1":null,"comments_line2":"","comments_line3":"","county_name1":"St Joseph","expiration":"2026-01-28 20:00:00","forced_category_name":"Daycare","forced_county_name":"INDIANA","forced_organization_name":"Parents Day Off Preschool","event":null,"forced_status_name":"Closed Wednesday","organization_homepage":"","rec_id":"369153","state":"INDIANA","stateName":"INDIANA","updated":"2026-01-27","zipcode":"46615"},{"address1":"","address2":"","city":"","comments_line1":null,"comments_line2":"","comments_line3":"","county_name1":"St Joseph","expiration":"2026-01-28 20:00:00","forced_category_name":"Daycare","forced_county_name":"INDIANA","forced_organization_name":"SonShine Preschool","event":null,"forced_status_name":"Closed Wednesday","organization_homepage":"","rec_id":"369339","state":"INDIANA","stateName":"INDIANA","updated":"2026-01-27","zipcode":"46614"},{"address1":"","address2":"","city":"","comments_line1":null,"comments_line2":"","comments_line3":"","county_name1":"St Joseph","expiration":"2026-01-28 20:00:00","forced_category_name":"Daycare","forced_county_name":"INDIANA","forced_organization_name":"St Margarets House","event":null,"forced_status_name":"Closed Wednesday","organization_homepage":"","rec_id":"369539","state":"INDIANA","stateName":"INDIANA","updated":"2026-01-27","zipcode":"46601"},{"address1":"","address2":"","city":"","comments_line1":null,"comments_line2":"","comments_line3":"","county_name1":"St Joseph","expiration":"2026-01-29 20:00:00","forced_category_name":"Businesses","forced_county_name":"INDIANA","forced_organization_name":"ABC Clinic of Pet Refuge","event":null,"forced_status_name":"Closed Through the 28th","organization_homepage":"","rec_id":"366759","state":"INDIANA","stateName":"INDIANA","updated":"2026-01-27","zipcode":"46614"},{"address1":"","address2":"","city":"","comments_line1":"Virtual\/Remote Work Approved","comments_line2":"","comments_line3":"","county_name1":"St Joseph","expiration":"2026-01-28 20:00:00","forced_category_name":"Businesses","forced_county_name":"INDIANA","forced_organization_name":"Brain Train","event":null,"forced_status_name":"Closed Wednesday","organization_homepage":"","rec_id":"369042","state":"INDIANA","stateName":"INDIANA","updated":"2026-01-27","zipcode":"46601"},{"address1":"","address2":"","city":"","comments_line1":"Offices open","comments_line2":"","comments_line3":"","county_name1":"LaGrange","expiration":"2026-01-28 20:00:00","forced_category_name":"Businesses","forced_county_name":"INDIANA","forced_organization_name":"Crossroads RV","event":null,"forced_status_name":"Closed Wednesday","organization_homepage":"","rec_id":"365793","state":"INDIANA","stateName":"INDIANA","updated":"2026-01-27","zipcode":"46571"},{"address1":"","address2":"","city":"","comments_line1":"Offices open","comments_line2":"","comments_line3":"","county_name1":"Elkhart","expiration":"2026-01-28 20:00:00","forced_category_name":"Businesses","forced_county_name":"INDIANA","forced_organization_name":"Dutchmen RV","event":null,"forced_status_name":"Closed Wednesday","organization_homepage":"","rec_id":"365805","state":"INDIANA","stateName":"INDIANA","updated":"2026-01-27","zipcode":"46526"},{"address1":"","address2":"","city":"","comments_line1":"Virtual\/Remote Work Approved","comments_line2":"","comments_line3":"","county_name1":"St Joseph","expiration":"2026-01-28 20:00:00","forced_category_name":"Businesses","forced_county_name":"INDIANA","forced_organization_name":"Family &amp; Children&#39;s Center","event":null,"forced_status_name":"Closed Wednesday","organization_homepage":"","rec_id":"369045","state":"INDIANA","stateName":"INDIANA","updated":"2026-01-27","zipcode":"46617"},{"address1":"","address2":"","city":"","comments_line1":null,"comments_line2":"","comments_line3":"","county_name1":"St Joseph","expiration":"2026-01-28 20:00:00","forced_category_name":"Businesses","forced_county_name":"INDIANA","forced_organization_name":"Forever Learning Institute","event":null,"forced_status_name":"Closed Wednesday","organization_homepage":"","rec_id":"369206","state":"INDIANA","stateName":"INDIANA","updated":"2026-01-27","zipcode":"46635"},{"address1":"","address2":"","city":"","comments_line1":"Offices open","comments_line2":"","comments_line3":"","county_name1":"Elkhart","expiration":"2026-01-28 20:00:00","forced_category_name":"Businesses","forced_county_name":"INDIANA","forced_organization_name":"Keystone RV Company","event":null,"forced_status_name":"Closed Wednesday","organization_homepage":"","rec_id":"365795","state":"INDIANA","stateName":"INDIANA","updated":"2026-01-27","zipcode":"46527"},{"address1":"","address2":"","city":"","comments_line1":null,"comments_line2":"","comments_line3":"","county_name1":"Elkhart","expiration":"2026-01-28 20:00:00","forced_category_name":"Businesses","forced_county_name":"INDIANA","forced_organization_name":"LoveWay Inc Riding Center","event":null,"forced_status_name":"All Services Canceled Wednesday","organization_homepage":"","rec_id":"370014","state":"INDIANA","stateName":"INDIANA","updated":"2026-01-28","zipcode":"46540"},{"address1":"","address2":"","city":"","comments_line1":null,"comments_line2":"","comments_line3":"","county_name1":"St Joseph","expiration":"2026-01-28 20:00:00","forced_category_name":"Businesses","forced_county_name":"INDIANA","forced_organization_name":"Riverbend Community Math Center","event":null,"forced_status_name":"Closed Wednesday","organization_homepage":"","rec_id":"369411","state":"INDIANA","stateName":"INDIANA","updated":"2026-01-27","zipcode":"46614"},{"address1":"","address2":"","city":"","comments_line1":"No Evening Classes","comments_line2":"","comments_line3":"","county_name1":"Elkhart","expiration":"2026-01-28 20:00:00","forced_category_name":"Businesses","forced_county_name":"INDIANA","forced_organization_name":"Robins School of Dance LLC","event":null,"forced_status_name":"Closed Wednesday","organization_homepage":"","rec_id":"370097","state":"INDIANA","stateName":"INDIANA","updated":"2026-01-28","zipcode":"46516"},{"address1":"","address2":"","city":"","comments_line1":null,"comments_line2":"","comments_line3":"","county_name1":"Elkhart","expiration":"2026-01-28 20:00:00","forced_category_name":"Businesses","forced_county_name":"INDIANA","forced_organization_name":"Rock Steady Boxing of Michiana - Elkhart","event":null,"forced_status_name":"Closed Wednesday","organization_homepage":"","rec_id":"368840","state":"INDIANA","stateName":"INDIANA","updated":"2026-01-27","zipcode":"46516"},{"address1":"","address2":"","city":"","comments_line1":"Online Individual Lessons","comments_line2":"","comments_line3":"","county_name1":"St Joseph","expiration":"2026-01-28 20:00:00","forced_category_name":"Businesses","forced_county_name":"INDIANA","forced_organization_name":"Suzuki Music School of Granger","event":null,"forced_status_name":"Closed Wednesday","organization_homepage":"","rec_id":"369332","state":"INDIANA","stateName":"INDIANA","updated":"2026-01-27","zipcode":"46530"},{"address1":"","address2":"","city":"","comments_line1":null,"comments_line2":"","comments_line3":"","county_name1":"Elkhart","expiration":"2026-01-28 20:00:00","forced_category_name":"Businesses","forced_county_name":"INDIANA","forced_organization_name":"Vandalia Church of God Food Pantry","event":null,"forced_status_name":"Services Canceled Wednesday","organization_homepage":"","rec_id":"366685","state":"INDIANA","stateName":"INDIANA","updated":"2026-01-27","zipcode":"46514"},{"address1":"","address2":"","city":"","comments_line1":"All SB classes cancelled","comments_line2":"","comments_line3":"","county_name1":"St Joseph","expiration":"2026-01-28 20:00:00","forced_category_name":"Businesses","forced_county_name":"INDIANA","forced_organization_name":"Womens Care Center-SB","event":null,"forced_status_name":"Activity Canceled Wednesday","organization_homepage":"","rec_id":"369484","state":"INDIANA","stateName":"INDIANA","updated":"2026-01-27","zipcode":"46617"},{"address1":"","address2":"","city":"","comments_line1":"Michigan Works Cass & Paw Paw locations","comments_line2":"","comments_line3":"","county_name1":"Berrien","expiration":"2026-01-28 20:00:00","forced_category_name":"Businesses","forced_county_name":"MICHIGAN","forced_organization_name":"Kinexus","event":null,"forced_status_name":"Closed Wednesday","organization_homepage":"","rec_id":"369823","state":"MICHIGAN","stateName":"MICHIGAN","updated":"2026-01-28","zipcode":"49022"},{"address1":"","address2":"","city":"","comments_line1":"Buildings Closed Staff Work Remote","comments_line2":"","comments_line3":"","county_name1":"Cass","expiration":"2026-01-28 20:00:00","forced_category_name":"Businesses","forced_county_name":"MICHIGAN","forced_organization_name":"Woodlands Behavioral Healthcare","event":null,"forced_status_name":"Closed Wednesday","organization_homepage":"","rec_id":"369809","state":"MICHIGAN","stateName":"MICHIGAN","updated":"2026-01-28","zipcode":"49031"}],"locations":["Indiana","Michigan"],"num_closings":78,"export_type":"L1","source":"GSync","run_date":""}]
